Workbook

Sheet 00_Anleitung
B2: Tarif-Import-Vorlage
B3: Callidus Boat Intelligence Platform · Fassung 1.0 · abgeleitet aus NAUTIMA NA_015 0824, Draft Callidus Tarif 2026 und Charter Folgeschaden
B5: Wozu diese Datei
C6: Jeder Versicherer hat sein eigenes Tarifformat. Statt für jeden einen eigenen Importer zu bauen, wird jede Quelle EINMAL in diese Vorlage übertragen. Danach ist der Weg in das System für alle Träger gleich.
B8: Was auszufüllen ist
B9: 01_Tarifwerk | C9: Kopfdaten: Versicherer, Produkt, Sparte, Land, Gültigkeit — und die Berechnungsvorschrift. Ein Blatt je Tarifwerk.
B10: 02_Grundtarif | C10: Die eigentliche Tabelle. Eine Zeile je Merkmalskombination. Siehe Hinweis „Langformat“ unten.
B11: 03_Faktoren | C11: Zuschläge, Nachlässe, Schadenfreiheitsrabatt.
B12: 04_Regeln | C12: Mindest- und Höchstbeitrag, anfragepflichtige und nicht versicherbare Fälle.
B13: 05_Steuer | C13: Versicherungssteuersatz. NICHT die Provision — die gehört in die Vereinbarung mit dem Träger.
B14: 06_Pruefung | C14: Rechnet selbst. Nicht ausfüllen — nach dem Ausfüllen der übrigen Blätter hier nachsehen.
B16: Farbkonvention
B17: blaue Schrift, gelber Grund | C17: Hier tragen Sie ein.
B18: graue Kursivschrift | C18: Beispielzeilen aus Ihren echten Tarifen. Vor dem Import löschen.
B19: schwarz, fett | C19: Vorgabe. Nicht ändern — sonst schlägt der Import fehl.
B21: Sechs Regeln
B22: 1. Langformat statt Matrix | C22: Ihre Tarife sind Matrizen: Versicherungssumme in den Zeilen, Selbstbehalt in den Spalten. Das lässt sich nicht allgemein importieren, weil jeder Träger andere Spalten hat. Deshalb: eine Zeile je Kombination. Aus einer 5×6-Matrix werden 30 Zeilen. Das ist mehr Tipparbeit, aber es ist der einzige Weg, der für alle Träger funktioniert.
B23: 2. Alle Werte NETTO | C23: Ohne Versicherungssteuer, ohne Provision. Der Steuersatz steht in 05_Steuer, die Provision gehört nicht in den Tarif. Achtung bei Preislisten, die Endkundenpreise nennen — diese müssen vorher zurückgerechnet werden.
B24: 3. „Nicht angeboten“ wird hingeschrieben | C24: Ein leeres Feld ist mehrdeutig: vergessen oder nicht angeboten? Deshalb trägt jede Zeile in Spalte „status“ einen Wert. Ihre NAUTIMA-Tabelle macht das bereits vorbildlich mit „–“.
B25: 4. Prozentsätze als Zahl, nicht als Text | C25: 0,0065 statt „0,65 %“ und nicht „+10%“. Excel zeigt Prozent an, gespeichert wird der Faktor.
B26: 5. Keine Formeln auf andere Blätter | C26: Im Draft 2026 sind die Binnen-Werte als Formel „=Mittelmeer − 0,0005“ hinterlegt. Solche Regeln gehen beim Import verloren. Entweder die Werte ausschreiben oder die Regel in 03_Faktoren als eigenen Faktor führen.
B27: 6. Eine Quelle, ein Tarifwerk | C27: Kasko und Haftpflicht sind zwei Tarifwerke, auch wenn sie in einer Datei stehen. Ebenso Österreich und Deutschland.
B29: Rückfrage
C30: Wo diese Vorlage Ihren Tarif nicht abbildet, bitte nicht behelfsmäßig einpassen, sondern melden. Eine fehlende Spalte ist eine Erkenntnis, kein Problem.
B32: Hinweis zu den Prüfformeln
C33: Die Blätter 02, 03 und 06 enthalten Formeln. Sie berechnen sich, sobald die Datei in Excel geöffnet wird — bis dahin erscheinen die Ergebniszellen leer. Das ist normal und kein Fehler. Verwendet werden ausschließlich COUNTA, COUNTIF, COUNTIFS und IF; nichts davon ist versionsabhängig.

Sheet 01_Tarifwerk
B2: Kopfdaten des Tarifwerks
B3: Ein Tarifwerk = ein Versicherer × ein Produkt × eine Sparte × ein Land × eine Fassung.
B5: Feld | C5: Ihr Eintrag | D5: Erläuterung / zulässige Werte
B6: versicherer | C6: Mannheimer Versicherung AG | D6: Name des Risikoträgers
B7: versicherer_kurz | C7: MANNHEIMER | D7: Kürzel, Großbuchstaben, ohne Leerzeichen
B8: produkt_bezeichnung | C8: NAUTIMA | D8: Produktname des Trägers
B9: dokument_kennung | C9: NA_015 0824 | D9: Kennung der Quelle, wie sie der Träger vergibt
B10: sparte | C10: KASKO | D10: KASKO · HAFTPFLICHT · INSASSENUNFALL · ZUSATZ
B11: land | C11: DE | D11: AT · DE
B12: version | C12: 1 | D12: Fortlaufend je Versicherer, Produkt, Sparte und Land
B13: gueltig_ab | C13: 2024-12-01 | D13: JJJJ-MM-TT
B14: gueltig_bis | D14: leer = bis auf Weiteres
B15: berechnungsart_grundtarif | C15: SATZ_VON_VS | D15: SATZ_VON_VS = Satz × Versicherungssumme · FESTBETRAG = Betrag aus der Tabelle
B16: verknuepfung_faktoren | C16: SALDO_ADDITIV | D16: SALDO_ADDITIV = alle Zu- und Abschläge werden zuerst saldiert, dann EINMAL angewendet (so macht es NAUTIMA) · MULTIPLIKATIV_SEQUENZIELL = nacheinander multipliziert, Reihenfolge aus 03_Faktoren
B17: sfr_anwendung | C17: NACH_FAKTOREN | D17: NACH_FAKTOREN = Schadenfreiheitsrabatt vom Betrag inkl. Zu-/Abschlägen · KEIN_SFR
B18: mindestbeitrag_greift | C18: AM_ENDE | D18: AM_ENDE = auch Nachlässe und SFR dürfen ihn nicht unterschreiten · VOR_NACHLAESSEN
B19: waehrung | C19: EUR | D19: ISO-4217
B20: quelle_datei | C20: NA_015_0824_Tarif.pdf | D20: Dateiname der Quelle, die übertragen wurde
B21: uebertragen_von | D21: Wer übertragen hat
B22: uebertragen_am | D22: JJJJ-MM-TT
B23: geprueft_von | D23: Muss eine ANDERE Person sein als „übertragen_von“
B25: Grau = Beispiel aus Ihrer NAUTIMA-Quelle. Vor dem Import durch eigene Werte ersetzen.

Sheet 02_Grundtarif
A1: Grundtarif — eine Zeile je Merkmalskombination
A2: Nur die Spalten füllen, die für Ihre Sparte gelten. Nicht zutreffende Spalten leer lassen. Jede Zeile braucht einen status. Werte NETTO.
A4: sparte | B4: fahrzeugart | C4: bauart | D4: fahrtgebiet | E4: vs_von | F4: vs_bis | G4: selbstbehalt | H4: motorleistung_kw_bis | I4: segelflaeche_m2_bis | J4: laenge_fuss_bis | K4: deckungssumme | L4: vermietung | M4: berechnungsart | N4: wert | O4: status | P4: schluessel | Q4: dublette
A5: KASKO | B5: SEGELBOOT | D5: MITTELMEER | E5: 0 | F5: 30000 | G5: ohne | L5: NEIN | M5: SATZ_VON_VS | O5: NICHT_ANGEBOTEN | P5: =IF(A5="","",A5&"|"&B5&"|"&C5&"|"&D5&"|"&E5&"|"&F5&"|"&G5&"|"&H5&"|"&I5&"|"&J5&"|"&K5&"|"&L5) | Q5: =IF(P5="","",COUNTIF($P$5:$P$134,P5))
A6: KASKO | B6: SEGELBOOT | D6: MITTELMEER | E6: 0 | F6: 30000 | G6: 250 | L6: NEIN | M6: SATZ_VON_VS | N6: 0.0143 | O6: GILT | P6: =IF(A6="","",A6&"|"&B6&"|"&C6&"|"&D6&"|"&E6&"|"&F6&"|"&G6&"|"&H6&"|"&I6&"|"&J6&"|"&K6&"|"&L6) | Q6: =IF(P6="","",COUNTIF($P$5:$P$134,P6))
A7: KASKO | B7: SEGELBOOT | D7: MITTELMEER | E7: 0 | F7: 30000 | G7: 2000 | L7: NEIN | M7: SATZ_VON_VS | N7: 0.0108 | O7: GILT | P7: =IF(A7="","",A7&"|"&B7&"|"&C7&"|"&D7&"|"&E7&"|"&F7&"|"&G7&"|"&H7&"|"&I7&"|"&J7&"|"&K7&"|"&L7) | Q7: =IF(P7="","",COUNTIF($P$5:$P$134,P7))
A8: KASKO | B8: MOTORBOOT | D8: DE_BINNEN | E8: 0 | F8: 30000 | G8: 250 | L8: NEIN | M8: SATZ_VON_VS | N8: 0.011 | O8: GILT | P8: =IF(A8="","",A8&"|"&B8&"|"&C8&"|"&D8&"|"&E8&"|"&F8&"|"&G8&"|"&H8&"|"&I8&"|"&J8&"|"&K8&"|"&L8) | Q8: =IF(P8="","",COUNTIF($P$5:$P$134,P8))
A9: KASKO | B9: SEGELBOOT | C9: KOMFORT | D9: AT_BINNEN | E9: 0 | F9: 70000 | G9: 500 | L9: NEIN | M9: SATZ_VON_VS | N9: 0.0065 | O9: GILT | P9: =IF(A9="","",A9&"|"&B9&"|"&C9&"|"&D9&"|"&E9&"|"&F9&"|"&G9&"|"&H9&"|"&I9&"|"&J9&"|"&K9&"|"&L9) | Q9: =IF(P9="","",COUNTIF($P$5:$P$134,P9))
A10: KASKO | B10: SEGELBOOT | C10: KOMFORT | D10: AT_BINNEN | E10: 300000 | L10: NEIN | M10: SATZ_VON_VS | O10: ANFRAGE | P10: =IF(A10="","",A10&"|"&B10&"|"&C10&"|"&D10&"|"&E10&"|"&F10&"|"&G10&"|"&H10&"|"&I10&"|"&J10&"|"&K10&"|"&L10) | Q10: =IF(P10="","",COUNTIF($P$5:$P$134,P10))
A11: HAFTPFLICHT | B11: MOTORBOOT | H11: 18.4 | K11: 3000000 | L11: NEIN | M11: FESTBETRAG | N11: 39.32 | O11: GILT | P11: =IF(A11="","",A11&"|"&B11&"|"&C11&"|"&D11&"|"&E11&"|"&F11&"|"&G11&"|"&H11&"|"&I11&"|"&J11&"|"&K11&"|"&L11) | Q11: =IF(P11="","",COUNTIF($P$5:$P$134,P11))
A12: HAFTPFLICHT | B12: MOTORBOOT | H12: 18.4 | K12: 3000000 | L12: JA | M12: FESTBETRAG | N12: 77.52 | O12: GILT | P12: =IF(A12="","",A12&"|"&B12&"|"&C12&"|"&D12&"|"&E12&"|"&F12&"|"&G12&"|"&H12&"|"&I12&"|"&J12&"|"&K12&"|"&L12) | Q12: =IF(P12="","",COUNTIF($P$5:$P$134,P12))
A13: HAFTPFLICHT | B13: SEGELBOOT | I13: 50 | K13: 5000000 | L13: NEIN | M13: FESTBETRAG | N13: 120 | O13: GILT | P13: =IF(A13="","",A13&"|"&B13&"|"&C13&"|"&D13&"|"&E13&"|"&F13&"|"&G13&"|"&H13&"|"&I13&"|"&J13&"|"&K13&"|"&L13) | Q13: =IF(P13="","",COUNTIF($P$5:$P$134,P13))
A14: ZUSATZ | B14: SEGELBOOT | J14: 33 | L14: JA | M14: FESTBETRAG | N14: 81.07 | O14: GILT | P14: =IF(A14="","",A14&"|"&B14&"|"&C14&"|"&D14&"|"&E14&"|"&F14&"|"&G14&"|"&H14&"|"&I14&"|"&J14&"|"&K14&"|"&L14) | Q14: =IF(P14="","",COUNTIF($P$5:$P$134,P14))
P15: =IF(A15="","",A15&"|"&B15&"|"&C15&"|"&D15&"|"&E15&"|"&F15&"|"&G15&"|"&H15&"|"&I15&"|"&J15&"|"&K15&"|"&L15) | Q15: =IF(P15="","",COUNTIF($P$5:$P$134,P15))
P16: =IF(A16="","",A16&"|"&B16&"|"&C16&"|"&D16&"|"&E16&"|"&F16&"|"&G16&"|"&H16&"|"&I16&"|"&J16&"|"&K16&"|"&L16) | Q16: =IF(P16="","",COUNTIF($P$5:$P$134,P16))
P17: =IF(A17="","",A17&"|"&B17&"|"&C17&"|"&D17&"|"&E17&"|"&F17&"|"&G17&"|"&H17&"|"&I17&"|"&J17&"|"&K17&"|"&L17) | Q17: =IF(P17="","",COUNTIF($P$5:$P$134,P17))
P18: =IF(A18="","",A18&"|"&B18&"|"&C18&"|"&D18&"|"&E18&"|"&F18&"|"&G18&"|"&H18&"|"&I18&"|"&J18&"|"&K18&"|"&L18) | Q18: =IF(P18="","",COUNTIF($P$5:$P$134,P18))
P19: =IF(A19="","",A19&"|"&B19&"|"&C19&"|"&D19&"|"&E19&"|"&F19&"|"&G19&"|"&H19&"|"&I19&"|"&J19&"|"&K19&"|"&L19) | Q19: =IF(P19="","",COUNTIF($P$5:$P$134,P19))
P20: =IF(A20="","",A20&"|"&B20&"|"&C20&"|"&D20&"|"&E20&"|"&F20&"|"&G20&"|"&H20&"|"&I20&"|"&J20&"|"&K20&"|"&L20) | Q20: =IF(P20="","",COUNTIF($P$5:$P$134,P20))
P21: =IF(A21="","",A21&"|"&B21&"|"&C21&"|"&D21&"|"&E21&"|"&F21&"|"&G21&"|"&H21&"|"&I21&"|"&J21&"|"&K21&"|"&L21) | Q21: =IF(P21="","",COUNTIF($P$5:$P$134,P21))
P22: =IF(A22="","",A22&"|"&B22&"|"&C22&"|"&D22&"|"&E22&"|"&F22&"|"&G22&"|"&H22&"|"&I22&"|"&J22&"|"&K22&"|"&L22) | Q22: =IF(P22="","",COUNTIF($P$5:$P$134,P22))
P23: =IF(A23="","",A23&"|"&B23&"|"&C23&"|"&D23&"|"&E23&"|"&F23&"|"&G23&"|"&H23&"|"&I23&"|"&J23&"|"&K23&"|"&L23) | Q23: =IF(P23="","",COUNTIF($P$5:$P$134,P23))
P24: =IF(A24="","",A24&"|"&B24&"|"&C24&"|"&D24&"|"&E24&"|"&F24&"|"&G24&"|"&H24&"|"&I24&"|"&J24&"|"&K24&"|"&L24) | Q24: =IF(P24="","",COUNTIF($P$5:$P$134,P24))
P25: =IF(A25="","",A25&"|"&B25&"|"&C25&"|"&D25&"|"&E25&"|"&F25&"|"&G25&"|"&H25&"|"&I25&"|"&J25&"|"&K25&"|"&L25) | Q25: =IF(P25="","",COUNTIF($P$5:$P$134,P25))
P26: =IF(A26="","",A26&"|"&B26&"|"&C26&"|"&D26&"|"&E26&"|"&F26&"|"&G26&"|"&H26&"|"&I26&"|"&J26&"|"&K26&"|"&L26) | Q26: =IF(P26="","",COUNTIF($P$5:$P$134,P26))
... P134: =IF(A134="","",A134&"|"&B134&"|"&C134&"|"&D134&"|"&E134&"|"&F134&"|"&G134&"|"&H134&"|"&I134&"|"&J134&"|"&K134&"|"&L134) | Q134: =IF(P134="","",COUNTIF($P$5:$P$134,P134))
A136: Spalten P und Q rechnen selbst. Nicht ausfüllen. "dublette" grösser 1 bedeutet: diese Merkmalskombination kommt mehrfach vor.

Sheet 03_Faktoren
A1: Zuschläge, Nachlässe, Schadenfreiheitsrabatt
A2: wert bei PROZENT als Faktor eintragen: 0,10 für 10 %. Nachlässe negativ: -0,10. voraussetzung_code füllen, wenn ein Faktor einen anderen bedingt.
A4: code | B4: bezeichnung | C4: art | D4: rechenart | E4: wert | F4: gilt_fuer_sparte | G4: bedingung_merkmal | H4: bedingung_wert | I4: voraussetzung_code | J4: reihenfolge | K4: voraussetzung_ok
A5: ALTER_SEGEL_20 | B5: Segelboote älter 20 Jahre | C5: ZUSCHLAG | D5: PROZENT | E5: 0.1 | F5: KASKO | G5: fahrzeugart | H5: SEGELBOOT | J5: 10 | K5: =IF(I5="","",IF(COUNTIF($A$5:$A$69,I5)=0,"FEHLT","ok"))
A6: ALTER_MOTOR_15 | B6: Motorboote älter 15 Jahre | C6: ZUSCHLAG | D6: PROZENT | E6: 0.1 | F6: KASKO | G6: fahrzeugart | H6: MOTORBOOT | J6: 10 | K6: =IF(I6="","",IF(COUNTIF($A$5:$A$69,I6)=0,"FEHLT","ok"))
A7: SCHLAUCHBOOT | B7: Schlauchboote | C7: ZUSCHLAG | D7: PROZENT | E7: 0.2 | F7: KASKO | J7: 10 | K7: =IF(I7="","",IF(COUNTIF($A$5:$A$69,I7)=0,"FEHLT","ok"))
A8: CHARTER_MIT_SKIPPER | B8: Charterrisiko mit Skipper | C8: ZUSCHLAG | D8: PROZENT | E8: 0.25 | F8: KASKO | J8: 20 | K8: =IF(I8="","",IF(COUNTIF($A$5:$A$69,I8)=0,"FEHLT","ok"))
A9: CHARTER_OHNE_SKIPPER | B9: Charterrisiko ohne Skipper | C9: ZUSCHLAG | D9: PROZENT | E9: 0.5 | F9: KASKO | J9: 20 | K9: =IF(I9="","",IF(COUNTIF($A$5:$A$69,I9)=0,"FEHLT","ok"))
A10: UNTERSCHLAGUNG | B10: Unterschlagungsrisiko | C10: ZUSCHLAG | D10: PROZENT | E10: 0.3 | F10: KASKO | I10: CHARTER_OHNE_SKIPPER | J10: 30 | K10: =IF(I10="","",IF(COUNTIF($A$5:$A$69,I10)=0,"FEHLT","ok"))
A11: SEEN_NACHLASS | B11: Nachlass Bodensee, Chiemsee, Starnberger See u. a. | C11: NACHLASS | D11: PROZENT | E11: -0.1 | F11: KASKO | G11: fahrtgebiet | H11: DE_BINNEN | J11: 40 | K11: =IF(I11="","",IF(COUNTIF($A$5:$A$69,I11)=0,"FEHLT","ok"))
A12: PREMIUMWERFT | B12: Nachlass Premiumhersteller (Liste in 04_Regeln) | C12: NACHLASS | D12: PROZENT | E12: -0.1 | F12: KASKO | G12: fahrzeugart | H12: SEGELBOOT | J12: 40 | K12: =IF(I12="","",IF(COUNTIF($A$5:$A$69,I12)=0,"FEHLT","ok"))
A13: VERDRAENGER_150KW | B13: Motoryacht Verdränger bis 150 kW Innenborder | C13: NACHLASS | D13: PROZENT | E13: -0.1 | F13: KASKO | J13: 40 | K13: =IF(I13="","",IF(COUNTIF($A$5:$A$69,I13)=0,"FEHLT","ok"))
A14: SFR_J1 | B14: Schadenfreiheitsrabatt nach 1. Versicherungsjahr | C14: SFR | D14: PROZENT | E14: -0.15 | F14: KASKO | J14: 90 | K14: =IF(I14="","",IF(COUNTIF($A$5:$A$69,I14)=0,"FEHLT","ok"))
A15: SFR_J2 | B15: Schadenfreiheitsrabatt nach 2. Versicherungsjahr | C15: SFR | D15: PROZENT | E15: -0.25 | F15: KASKO | J15: 90 | K15: =IF(I15="","",IF(COUNTIF($A$5:$A$69,I15)=0,"FEHLT","ok"))
A16: SFR_J3 | B16: Schadenfreiheitsrabatt ab 3. Versicherungsjahr | C16: SFR | D16: PROZENT | E16: -0.4 | F16: KASKO | J16: 90 | K16: =IF(I16="","",IF(COUNTIF($A$5:$A$69,I16)=0,"FEHLT","ok"))
A17: VERCHARTERUNG_AT | B17: Aufschlag Vercharterung (Draft 2026) | C17: ZUSCHLAG | D17: BETRAG | E17: 270 | F17: HAFTPFLICHT | J17: 20 | K17: =IF(I17="","",IF(COUNTIF($A$5:$A$69,I17)=0,"FEHLT","ok"))
K18: =IF(I18="","",IF(COUNTIF($A$5:$A$69,I18)=0,"FEHLT","ok"))
K19: =IF(I19="","",IF(COUNTIF($A$5:$A$69,I19)=0,"FEHLT","ok"))
K20: =IF(I20="","",IF(COUNTIF($A$5:$A$69,I20)=0,"FEHLT","ok"))
K21: =IF(I21="","",IF(COUNTIF($A$5:$A$69,I21)=0,"FEHLT","ok"))
K22: =IF(I22="","",IF(COUNTIF($A$5:$A$69,I22)=0,"FEHLT","ok"))
K23: =IF(I23="","",IF(COUNTIF($A$5:$A$69,I23)=0,"FEHLT","ok"))
K24: =IF(I24="","",IF(COUNTIF($A$5:$A$69,I24)=0,"FEHLT","ok"))
K25: =IF(I25="","",IF(COUNTIF($A$5:$A$69,I25)=0,"FEHLT","ok"))
K26: =IF(I26="","",IF(COUNTIF($A$5:$A$69,I26)=0,"FEHLT","ok"))
K27: =IF(I27="","",IF(COUNTIF($A$5:$A$69,I27)=0,"FEHLT","ok"))
K28: =IF(I28="","",IF(COUNTIF($A$5:$A$69,I28)=0,"FEHLT","ok"))
K29: =IF(I29="","",IF(COUNTIF($A$5:$A$69,I29)=0,"FEHLT","ok"))
... K69: =IF(I69="","",IF(COUNTIF($A$5:$A$69,I69)=0,"FEHLT","ok"))

Sheet 04_Regeln
A1: Beitragsgrenzen, anfragepflichtige und nicht versicherbare Fälle
A2: ANFRAGE bedeutet: kein automatisches Ergebnis. Der Fall geht in die manuelle Bearbeitung — er wird nicht geschätzt.
A4: regelart | B4: sparte | C4: merkmal | D4: wert | E4: bemerkung
A5: MINDESTBEITRAG | B5: KASKO | C5: betrag | D5: 150 | E5: NAUTIMA: darf auch durch Nachlass und SFR nicht unterschritten werden
A6: MINDESTBEITRAG | B6: HAFTPFLICHT | C6: betrag | D6: 35 | E6: NAUTIMA Mindestbeitrag Haftpflicht
A7: MINDESTBEITRAG | B7: KASKO | C7: betrag | D7: 120 | E7: Draft 2026 AT, Segelyacht Komfort Binnen — je Bauart und Revier verschieden
A8: ANFRAGE | B8: KASKO | C8: versicherungssumme_ueber | D8: 1000000 | E8: Draft 2026: Gesamtversicherungssumme über 1 Mio
A9: ANFRAGE | B9: KASKO | C9: alter_jahre_ueber | D9: 15 | E9: Draft 2026: Fahrzeuge älter als 15 Jahre
A10: ANFRAGE | B10: KASKO | C10: geschwindigkeit_kn_ueber | D10: 40 | E10: Schnellboote
A11: ANFRAGE | B11: KASKO | C11: fahrzeugart_in | D11: JETSKI, ZILLE, KATAMARAN, TRIMARAN, SCHLAUCHBOOT_OHNE_FESTRUMPF
A12: ANFRAGE | B12: KASKO | C12: flaggenland_nicht_in | D12: AT, DE, SLO, HR
A13: NICHT_VERSICHERBAR | B13: KASKO | C13: fahrzeugart_in | D13: WINDSURFBRETT, RUDERBOOT, TRETBOOT, KAJAK, KANU, EIGENBAU | E13: Draft 2026
A14: WERTELISTE | B14: KASKO | C14: premiumhersteller | D14: Comfortina, Dehler, Elan, Etap, Gib Sea, Hallberg Rassy, Moody, Najad, Nauticat, Nautor/Swan, Schöchl Sunbeam, Vindö, Waarship, Wauquiez, X-Yachts | E14: Grundlage für Faktor PREMIUMWERFT
A15: WERTELISTE | B15: KASKO | C15: seen_nachlass | D15: Bodensee, Chiemsee, Starnberger See, Ammersee, Walchensee, Königssee, Tegernsee | E15: Grundlage für Faktor SEEN_NACHLASS

Sheet 05_Steuer
A1: Versicherungssteuer
A2: Sätze durch die Steuerberatung bestätigen lassen (offener Punkt A-12). Der Satz aus dem Blatt „Charter Folgeschaden“ ließ sich zu 11 % zurückrechnen — als Beispiel eingetragen, nicht als Beleg.
A4: land | B4: sparte | C4: satz | D4: gueltig_ab | E4: quelle
A5: AT | B5: ZUSATZ | C5: 0.11 | D5: 2026-01-01 | E5: aus Charter_Folgeschaden zurückgerechnet — zu bestätigen
A6: AT | B6: KASKO | E6: zu ermitteln
A7: AT | B7: HAFTPFLICHT | E7: zu ermitteln
A8: DE | B8: KASKO | E8: zu ermitteln
A9: DE | B9: HAFTPFLICHT | E9: zu ermitteln
A12: Nicht in dieses Blatt gehört die Provision.
A13: Sie ist keine Eigenschaft des Tarifs, sondern der Vereinbarung mit dem Träger, und wird dort gepflegt. Im Blatt Charter_Folgeschaden sind Tarif und Provision vermischt — beim Übertragen bitte trennen.

Sheet 06_Pruefung
A1: Prüfung
A2: Rechnet selbst, sobald die Datei in Excel geöffnet wird. Nichts eintragen. Jede Zeile mit „PRÜFEN“ vor dem Import klären.
A4: Prüfung | B4: Ergebnis | C4: Erwartet | D4: Befund
A5: Zeilen im Grundtarif insgesamt | B5: =COUNTA('02_Grundtarif'!$A$5:$A$134) | C5: — | D5: nur Information
A6: davon status GILT | B6: =COUNTIF('02_Grundtarif'!$O$5:$O$134,"GILT") | C6: — | D6: nur Information
A7: davon status NICHT_ANGEBOTEN | B7: =COUNTIF('02_Grundtarif'!$O$5:$O$134,"NICHT_ANGEBOTEN") | C7: — | D7: nur Information
A8: davon status ANFRAGE | B8: =COUNTIF('02_Grundtarif'!$O$5:$O$134,"ANFRAGE") | C8: — | D8: nur Information
A9: Zeilen ohne status | B9: =COUNTIFS('02_Grundtarif'!$A$5:$A$134,"<>",'02_Grundtarif'!$O$5:$O$134,"") | C9: 0 | D9: =IF(B9=C9,"in Ordnung","PRÜFEN — ")
A10: status GILT, aber kein Wert | B10: =COUNTIFS('02_Grundtarif'!$O$5:$O$134,"GILT",'02_Grundtarif'!$N$5:$N$134,"") | C10: 0 | D10: =IF(B10=C10,"in Ordnung","PRÜFEN — ")
A11: status NICHT_ANGEBOTEN, aber Wert gesetzt | B11: =COUNTIFS('02_Grundtarif'!$O$5:$O$134,"NICHT_ANGEBOTEN",'02_Grundtarif'!$N$5:$N$134,"<>") | C11: 0 | D11: =IF(B11=C11,"in Ordnung","PRÜFEN — ")
A12: doppelte Merkmalskombinationen | B12: =COUNTIF('02_Grundtarif'!$Q$5:$Q$134,">1") | C12: 0 | D12: =IF(B12=C12,"in Ordnung","PRÜFEN — ")
A13: Kaskosatz unter 0,1 Prozent | B13: =COUNTIFS('02_Grundtarif'!$M$5:$M$134,"SATZ_VON_VS",'02_Grundtarif'!$N$5:$N$134,"<0.001") | C13: 0 | D13: =IF(B13=C13,"in Ordnung","PRÜFEN — prüfen: Prozent statt Faktor?")
A14: Kaskosatz über 3 Prozent | B14: =COUNTIFS('02_Grundtarif'!$M$5:$M$134,"SATZ_VON_VS",'02_Grundtarif'!$N$5:$N$134,">0.03") | C14: 0 | D14: =IF(B14=C14,"in Ordnung","PRÜFEN — ")
A15: Festbetrag unter 10 Euro | B15: =COUNTIFS('02_Grundtarif'!$M$5:$M$134,"FESTBETRAG",'02_Grundtarif'!$N$5:$N$134,"<10") | C15: 0 | D15: =IF(B15=C15,"in Ordnung","PRÜFEN — prüfen: Prozent statt Faktor?")
A16: Faktoren insgesamt | B16: =COUNTA('03_Faktoren'!$A$5:$A$69) | C16: — | D16: nur Information
A17: Faktor über plus 100 Prozent | B17: =COUNTIFS('03_Faktoren'!$D$5:$D$69,"PROZENT",'03_Faktoren'!$E$5:$E$69,">1") | C17: 0 | D17: =IF(B17=C17,"in Ordnung","PRÜFEN — ")
A18: Faktor unter minus 100 Prozent | B18: =COUNTIFS('03_Faktoren'!$D$5:$D$69,"PROZENT",'03_Faktoren'!$E$5:$E$69,"<-1") | C18: 0 | D18: =IF(B18=C18,"in Ordnung","PRÜFEN — prüfen: 10 statt 0,10?")
A19: Nachlass ohne negatives Vorzeichen | B19: =COUNTIFS('03_Faktoren'!$C$5:$C$69,"NACHLASS",'03_Faktoren'!$E$5:$E$69,">0") | C19: 0 | D19: =IF(B19=C19,"in Ordnung","PRÜFEN — prüfen: 10 statt 0,10?")
A20: Schadenfreiheitsrabatt ohne negatives Vorzeichen | B20: =COUNTIFS('03_Faktoren'!$C$5:$C$69,"SFR",'03_Faktoren'!$E$5:$E$69,">0") | C20: 0 | D20: =IF(B20=C20,"in Ordnung","PRÜFEN — ")
A21: Voraussetzungs-Code ohne passenden Faktor | B21: =COUNTIF('03_Faktoren'!$K$5:$K$69,"FEHLT") | C21: 0 | D21: =IF(B21=C21,"in Ordnung","PRÜFEN — ")
A23: Die Prüfung auf Lücken zwischen den Versicherungssummen-Bändern läuft beim Import, nicht hier: sie braucht die vollständige Bandliste je Merkmalskombination und ist damit eine Prüfung über den ganzen Datensatz, nicht über eine einzelne Zeile.
